<?xml version="1.0" encoding="utf-8"?>

<!--
NoMail.

NoMail is a free extension for CMS Opencart 3.x.
It allows to completely disable mail sending.

@author         Andrii Burkatskyi aka underr underr.ua@gmail.com
@copyright      Copyright (c) 2018-2019 Andrii Burkatskyi
@license        https://raw.githubusercontent.com/underr-ua/ocmod3-nomail/master/LICENSE.txt MIT

@version        1.0

@see            https://underr.space/notes/projects/project-016.html
@see            https://github.com/underr-ua/ocmod3-nomail
-->

<modification>
	<name>[underr] Option Equals Sign</name>
	<code>nomail</code>
	<version>1.0</version>
	<author>Andrii Burkatskyi aka underr</author>
	<link>https://github.com/underr-ua/ocmod3-nomail</link>

	<file path="admin/view/template/setting/setting.twig" error="log">
		<operation error="log">
			<search>
				<![CDATA[{% if config_mail_engine == 'mail' %}]]>
			</search>
			<add position="before">
				<![CDATA[                      {% if config_mail_engine == 'disabled' %}

                      <option value="disabled" selected="selected">{{ text_disabled }}</option>

                      {% else %}

                      <option value="disabled">{{ text_disabled }}</option>

                      {% endif %}]]>
			</add>
		</operation>

	</file>

	<file path="system/library/mail.php" error="log">
		<operation error="log">
			<search>
				<![CDATA[if (class_exists($class)) {]]>
			</search>
			<add position="replace">
				<![CDATA[if ($adaptor == 'disabled') {
			$this->adaptor = null;
		} elseif (class_exists($class)) {]]>
			</add>
		</operation>

		<operation error="log">
			<search>
				<![CDATA[$this->adaptor->$key = $value;]]>
			</search>
			<add position="replace">
				<![CDATA[if ($this->adaptor) {
				$this->adaptor->$key = $value;
			}]]>
			</add>
		</operation>
		<operation error="log">
			<search>
				<![CDATA[$this->adaptor->send();]]>
			</search>
			<add position="replace">
				<![CDATA[if ($this->adaptor) {
			$this->adaptor->send();
		}]]>
			</add>
		</operation>
	</file>

</modification>
